frame,t,cond,rms_contrast,sharp,d_A,d_B,spec_dev
0,0.0,lerp,0.07365893401104148,0.009711249329139898,3.513682310817858e-32,0.04569699455847928,0.1759119265747997
1,0.0159,lerp,0.07992692512250943,0.012329251093913246,0.017382414392533702,0.019691614532083457,0.13407111204822228
2,0.0317,lerp,0.07911065496379514,0.011799738774290459,0.01593164819359376,0.023623660455905155,0.16442797442323503
3,0.0476,lerp,0.09147431366963382,0.01525693351572825,0.014867072633936128,0.029608753759842843,0.13492753438685107
4,0.0635,lerp,0.09961400494598897,0.01808577594304249,0.01615909903504326,0.0327388645597621,0.1981741141625691
5,0.0794,lerp,0.10682981601508794,0.020843671729707428,0.026539887946361793,0.025248082187572886,0.26319376753616164
6,0.0952,lerp,0.09750927494240158,0.015746090628002724,0.034677608484832936,0.020049486151263608,0.26927328694734
7,0.1111,lerp,0.1029181800665499,0.017400246121461585,0.03832836528526698,0.020976545146813727,0.29449257361633896
8,0.127,lerp,0.10907961856187336,0.019993766836570066,0.04136820744200778,0.022002837156468218,0.3325003400208748
9,0.1429,lerp,0.09900304980996048,0.01643062036779366,0.024362388879904412,0.02585094018364414,0.31264584368197024
10,0.1587,lerp,0.10827844580460438,0.01877685547838726,0.032765809390584884,0.024767768436414664,0.3598080296236474
11,0.1746,lerp,0.10796208943800704,0.016994722689184456,0.037057065213616305,0.02261933635935152,0.38380654081950927
12,0.1905,lerp,0.10217813592100973,0.014348338209229409,0.017883969979010948,0.03393142068479636,0.4029077190851985
13,0.2063,lerp,0.09488693933752691,0.012045802253477594,0.016568567116899184,0.032362983006007255,0.4093668881436322
14,0.2222,lerp,0.10118737566492013,0.013590608396825913,0.01650766797007881,0.03667636917609049,0.4213588125361654
15,0.2381,lerp,0.10018016388373334,0.0132422872982016,0.01763802711439717,0.03420671914160397,0.41481659229302
16,0.254,lerp,0.11529369271808067,0.01704685060022023,0.03537610905419281,0.024478917903094373,0.47506497818528515
17,0.2698,lerp,0.12496698140068108,0.018937641752215042,0.03244463115926974,0.029316321944111337,0.5481893856811496
18,0.2857,lerp,0.11379252841977092,0.016352674483348786,0.05657570410750285,0.02304916499318312,0.4773228970723284
19,0.3016,lerp,0.10667240258468406,0.013874757441484921,0.057423271228274876,0.020919142764039434,0.43366131587577356
20,0.3175,lerp,0.11112282911441272,0.015779687265211912,0.03785281912935165,0.02226970327204039,0.4515416554440936
21,0.3333,lerp,0.11806296667721593,0.018308849713570458,0.05921761256879089,0.023555810632072925,0.5162682923262649
22,0.3492,lerp,0.12240978949726215,0.02025945322612434,0.03815231530152684,0.02549724249340781,0.531181281735815
23,0.3651,lerp,0.12585782276869986,0.020851459778031035,0.027891432589475056,0.0332382398254921,0.5624943196785572
24,0.381,lerp,0.1322715961355158,0.024383945351813888,0.03189329640206572,0.03285326318414428,0.5836960250378797
25,0.3968,lerp,0.1251451795557893,0.02190873079507533,0.03999695030450428,0.026672248438422294,0.5382113446152544
26,0.4127,lerp,0.12401764224945258,0.021293484715103433,0.03885958388194572,0.026380597207000384,0.5298217369910916
27,0.4286,lerp,0.12224178871587672,0.01952298638885259,0.029391596672143028,0.0306966192722608,0.5131025502584705
28,0.4444,lerp,0.1164749827967677,0.017335619958728614,0.03751378390478331,0.024947510074528764,0.47457719611923854
29,0.4603,lerp,0.10664548572021113,0.015702732586055642,0.022384743147092972,0.03232240690315398,0.41470214674495703
30,0.4762,lerp,0.12088945056769121,0.019229600446957724,0.030106395786162452,0.030842396415005722,0.46376596264183695
31,0.4921,lerp,0.10588169331385444,0.015809810153622608,0.022935012436838112,0.030704045556446475,0.418894318060003
32,0.5079,lerp,0.09220974681046686,0.011619622832026015,0.02530162888552588,0.023807336493082105,0.43621581716914287
33,0.5238,lerp,0.10733818284951002,0.01672740669515496,0.028827982068043417,0.026380609561844973,0.4505843835187639
34,0.5397,lerp,0.1227367292994175,0.02137655002945049,0.031085994544448232,0.03118591226575142,0.5666431691017966
35,0.5556,lerp,0.09587884534094941,0.01366350697570974,0.01726671879243153,0.03399428247305193,0.506095982111183
36,0.5714,lerp,0.09484703436304388,0.013092228519881828,0.02199823685630195,0.027095030220839502,0.4911344113657586
37,0.5873,lerp,0.1174154572810895,0.02044443953644973,0.02009672168791997,0.04482813146875215,0.5360356192574456
38,0.6032,lerp,0.12467631278794934,0.022751173592812732,0.03576001722952322,0.02915243143830855,0.558019998913028
39,0.619,lerp,0.12164448128840942,0.022719129261652815,0.030342178046136807,0.031260318319215226,0.5361567642727367
40,0.6349,lerp,0.11534378485612792,0.020413478763196068,0.03861501840342183,0.02495873859509952,0.49657409395967456
41,0.6508,lerp,0.11640633063949526,0.02089812456656564,0.026777339529972858,0.03301899118550147,0.5061728765359601
42,0.6667,lerp,0.13547946719984794,0.02802933716057344,0.03281668372623841,0.03627479273396353,0.6365072232194442
43,0.6825,lerp,0.12630576073540156,0.024530174140629007,0.028380252144417053,0.03547106480131013,0.5741503548198694
44,0.6984,lerp,0.11510778529041354,0.01984545468892165,0.020242131797836252,0.045756904693740025,0.5271782179247915
45,0.7143,lerp,0.12615889268332336,0.025720933594832126,0.03772712423443165,0.029163050554286522,0.5778648744154238
46,0.7302,lerp,0.12402799793154463,0.024646688876108405,0.032121467602871,0.03125917713477138,0.5551981650276494
47,0.746,lerp,0.11857051798156616,0.021598295783066906,0.03099969667916327,0.03040725224096974,0.5313130415547517
48,0.7619,lerp,0.11668197621103502,0.021475868959377368,0.03452442617723363,0.026667262738757566,0.4970233082291126
49,0.7778,lerp,0.09993011755342766,0.01620879472752081,0.01887931083483035,0.034080871910883506,0.4472854106813678
50,0.7937,lerp,0.12273481876786495,0.02574979841436512,0.05142055942664622,0.024731714314863748,0.4752597910415726
51,0.8095,lerp,0.10781144061341084,0.019885771260440027,0.04299879608973941,0.022289368106879797,0.4245481382409289
52,0.8254,lerp,0.10045396124589283,0.016839203090159915,0.03778619663258439,0.021336570978343707,0.39114524534528766
53,0.8413,lerp,0.10263024970312541,0.01831324423528466,0.0532924970280538,0.021215648103828928,0.35769111304245305
54,0.8571,lerp,0.10525852815233512,0.019295437495260186,0.03700988283769803,0.022291703819494982,0.33152812081640753
55,0.873,lerp,0.10596284894736921,0.01898281884092822,0.026251856580531953,0.026905949897542948,0.3257400336572855
56,0.8889,lerp,0.11170799538945243,0.021889479040824143,0.04779043631443572,0.021180485635123716,0.327734374021933
57,0.9048,lerp,0.10774426178689402,0.021369200523148085,0.05300628411617563,0.019737982869463072,0.29631948015631915
58,0.9206,lerp,0.10670934059110693,0.02031069925040846,0.057990209142381066,0.01912598785575932,0.27893480198408643
59,0.9365,lerp,0.0877516494504568,0.013584380360156875,0.057690502605381035,0.015944100732293423,0.18785505166417882
60,0.9524,lerp,0.09168372651417353,0.015947599918182884,0.056737948700605036,0.015468331552495674,0.16466103865534956
61,0.9683,lerp,0.10534899941472993,0.019873137871441404,0.043804213077055974,0.013239314069347941,0.21185181040504578
62,0.9841,lerp,0.09187186041597951,0.015860504465007186,0.03797490195926701,0.006654997063402379,0.09968124581389774
63,1.0,lerp,0.10182274628833647,0.019955256918470166,0.04569699455847922,3.952112577536768e-33,0.17591192657479898
0,0.0,phase,0.07365893401104147,0.009711249329139894,0.0,0.04569699455847922,0.17591192657479898
1,0.0159,phase,0.07944706647366005,0.012201334017809672,0.01832633815953029,0.01916138594783186,0.1399756620014743
2,0.0317,phase,0.07973146742519241,0.012049492511890842,0.015445927055640173,0.02439482004341491,0.16463730864052015
3,0.0476,phase,0.0883733156393097,0.014237679669234482,0.01499151748968574,0.02841692612307857,0.13378180622530292
4,0.0635,phase,0.09496335481494395,0.016542622724513272,0.014609140736416263,0.033888436333409336,0.18618114464620242
5,0.0794,phase,0.10772418699012415,0.021514704810905547,0.03027340725561563,0.024063606102529358,0.2633755815807287
6,0.0952,phase,0.10519898501588969,0.01894217989717423,0.034631012956846854,0.02224735703899177,0.27119611466013965
7,0.1111,phase,0.09516174618309078,0.015494173476394976,0.03204555228594269,0.020549618484563364,0.2813209964059319
8,0.127,phase,0.10778338713458396,0.02027278605401997,0.03339823642535421,0.022926415086696614,0.3281209864767169
9,0.1429,phase,0.0977443764927115,0.015954910558756023,0.015464572741837712,0.037353891938609704,0.32069721173265064
10,0.1587,phase,0.10092606962490078,0.01635709517143084,0.035124902444750514,0.021461341274784287,0.35331021184673106
11,0.1746,phase,0.09798929822068385,0.014449988653839804,0.026204813554849007,0.02343194820146459,0.3755745376189878
12,0.1905,phase,0.08746464781543958,0.011131477055037224,0.01364653334678194,0.03468748821194938,0.37855074094030944
13,0.2063,phase,0.08781906201738973,0.010902529420227828,0.02390286755933195,0.021671167074012707,0.3903909250533721
14,0.2222,phase,0.10093816686133862,0.013646316579332856,0.017370683076774984,0.033914558004139256,0.41326407306179225
15,0.2381,phase,0.09908739340656877,0.013076924370444467,0.01519330882015079,0.04045456742078619,0.4007212474566699
16,0.254,phase,0.11461910079269604,0.017373020643444117,0.024544048442091244,0.03128751898603935,0.4712920447234355
17,0.2698,phase,0.1155403051147106,0.01645406681471311,0.040308105940179396,0.023686202636259614,0.47771652868754955
18,0.2857,phase,0.12053853346031662,0.019028682745295507,0.04463833289749355,0.024598764589004035,0.5087475341436065
19,0.3016,phase,0.1111247733501384,0.01576346980099741,0.03594155630901747,0.022944040131541093,0.4543100108956859
20,0.3175,phase,0.11610603280295802,0.01842953166302836,0.02661148473153244,0.03000887915233663,0.48195762353713634
21,0.3333,phase,0.1183954350133466,0.01906236064173552,0.0357200657568264,0.025542801518596517,0.514871445409913
22,0.3492,phase,0.11823365631880385,0.019056273793621945,0.024975388496779678,0.032319102931474025,0.5267578121142203
23,0.3651,phase,0.12018361505622516,0.018951310713110535,0.02594724487928921,0.032877004733538745,0.5602089699068008
24,0.381,phase,0.1214546702982787,0.021973276472174556,0.024918047511868144,0.03409594726110997,0.5351398859570589
25,0.3968,phase,0.12956483036293825,0.024146608082661374,0.032312436979093834,0.031762241696855244,0.5838110584018786
26,0.4127,phase,0.10646361607348837,0.015768043481516718,0.017600020556967088,0.04156492085622012,0.4654655547729763
27,0.4286,phase,0.1125500086578007,0.01681676179998873,0.030077433539008627,0.026752007903908977,0.47628313203685213
28,0.4444,phase,0.10962468139364961,0.015348519153780427,0.052320298913930446,0.02265811575042632,0.4810273853092303
29,0.4603,phase,0.10213671993647917,0.015162094581372795,0.028500138733933065,0.025260121560080943,0.4314563300400228
30,0.4762,phase,0.10031766053216971,0.012976014698919614,0.01639455215650336,0.041891219875507785,0.448393685363659
31,0.4921,phase,0.09370581013766115,0.01274245511444435,0.020142094369641362,0.02895537910127607,0.40634166049604853
32,0.5079,phase,0.08994440376492469,0.01078434426241503,0.033399640006537244,0.020001848285187005,0.4205904385475237
33,0.5238,phase,0.10695597809435198,0.01578545271218857,0.036112813399107116,0.023580663231257903,0.444141534073101
34,0.5397,phase,0.12320148998388891,0.021217410361444984,0.03602635798274975,0.0285166285746557,0.5487228990127976
35,0.5556,phase,0.09903553484690825,0.015060022058113607,0.02016324983826645,0.030268616316285177,0.4819862931784204
36,0.5714,phase,0.11102813905342104,0.019367362124683898,0.026496291149253656,0.02861911636179729,0.5240677508217816
37,0.5873,phase,0.1149956291047545,0.02108349480427414,0.023964195172260158,0.0329108425844877,0.5478885004820815
38,0.6032,phase,0.12095366769898476,0.022195686278576824,0.03221904796553851,0.028178270882379834,0.5881925791702438
39,0.619,phase,0.11927022167473988,0.02130061151680473,0.02650004780366537,0.03260139774236527,0.5801382267389543
40,0.6349,phase,0.11362784027675932,0.019695025851737775,0.039585364778304974,0.023353348439747016,0.5361889346295517
41,0.6508,phase,0.1279491667895049,0.02629499480360091,0.03503425904272065,0.030163927375225195,0.5861341363415414
42,0.6667,phase,0.12736602972441619,0.025430896464863937,0.042170691442352116,0.026765160287193716,0.570088204396922
43,0.6825,phase,0.1204225686189882,0.022764861597805414,0.03595219815466653,0.02597159640561411,0.5327646276615722
44,0.6984,phase,0.11660029663617458,0.020724309065176798,0.02476748502040531,0.03360420516479671,0.4950274820545807
45,0.7143,phase,0.12226990052099304,0.024016101166836674,0.03204995734313077,0.029496375637529906,0.518034067846531
46,0.7302,phase,0.11387882410469666,0.020923870776748777,0.025513764322116377,0.03143808483023411,0.49212148225376134
47,0.746,phase,0.10016560192289824,0.015489882403590399,0.021125092238330236,0.031027854640998817,0.4586002794720393
48,0.7619,phase,0.10767651951829914,0.018661207479613,0.01967506404340272,0.03849630122864472,0.45078564329070314
49,0.7778,phase,0.11505367041700074,0.022116026742643395,0.024462604490786525,0.03290597305008017,0.4471985775206655
50,0.7937,phase,0.12615743227200477,0.02767362750859461,0.04255750920576274,0.026365512521295778,0.47490477295148925
51,0.8095,phase,0.10984826388248918,0.02115438141996018,0.0380923748573285,0.023297727023083185,0.43920813067614134
52,0.8254,phase,0.1014112376078782,0.017610534025790364,0.039207566910548636,0.02119119286146924,0.4086569955809697
53,0.8413,phase,0.10435699632141705,0.019275258442617883,0.04338816873485963,0.0215444743893494,0.3740692217221208
54,0.8571,phase,0.10969748853894623,0.021012024719741073,0.04630433223599078,0.022324122565587388,0.35839114131952493
55,0.873,phase,0.10547813781657606,0.018840766600037213,0.027031584338538226,0.02615795790265749,0.3421231548320714
56,0.8889,phase,0.10594635549670373,0.01945598681528255,0.04706411488292912,0.020260151098534546,0.3164082701348654
57,0.9048,phase,0.10542310213660991,0.020018089160837995,0.05330563454799367,0.019662060542754344,0.30377809995832394
58,0.9206,phase,0.0994111191706615,0.017368918419551748,0.06832294283628816,0.020128122471169855,0.26079509980031507
59,0.9365,phase,0.08578419889110936,0.012860894078316042,0.06311619782222525,0.016733816744799568,0.1982649260064087
60,0.9524,phase,0.08949800115697293,0.015140771807602739,0.05712609748260549,0.015354266264185167,0.17122072704920877
61,0.9683,phase,0.10362759592828924,0.01913794847567797,0.04264322158141268,0.01314552210386482,0.19982048888746604
62,0.9841,phase,0.09153288815623462,0.015724760710526905,0.03813527413688918,0.006590840408013354,0.09922932840359804
63,1.0,phase,0.10182274628833647,0.019955256918470166,0.04569699455847927,2.0544245379804542e-32,0.17591192657479912
0,0.0,scramble,0.07365893401104147,0.009711249329139894,0.0,0.04569699455847922,0.17591192657479898
1,0.0159,scramble,0.07926229889305088,0.012088763733829886,0.016437361007645836,0.020049200649838967,0.13672202053143054
2,0.0317,scramble,0.07810878502696969,0.011427550390974126,0.015244663818127653,0.023888679606364663,0.16540540737825396
3,0.0476,scramble,0.09079932321565146,0.014792979452400818,0.016300032576002335,0.026919771334627175,0.1251582273731205
4,0.0635,scramble,0.09927864468518242,0.0177510394061117,0.014710539120176724,0.03521073744104975,0.19030749138064043
5,0.0794,scramble,0.1043223399014828,0.01959311399870109,0.024412750805135774,0.02550200266349288,0.243705213789896
6,0.0952,scramble,0.10270253284176975,0.01728338008493807,0.024927023764005154,0.025110861807493657,0.2582670617929329
7,0.1111,scramble,0.10324066509169125,0.01714380651398112,0.0387716996711823,0.021359947952418606,0.29124746878512486
8,0.127,scramble,0.11072582267887791,0.02018211087789946,0.031094265444194642,0.02511952934364182,0.3463580773184001
9,0.1429,scramble,0.09837791939481472,0.01571618423905956,0.027606206025212472,0.023689857579298076,0.3053076852261994
10,0.1587,scramble,0.10065910606877099,0.015831044617980634,0.04688708312836573,0.02053967406966402,0.33180709425557237
11,0.1746,scramble,0.10081095780509275,0.014221022839806755,0.021924081619475313,0.028255067608900904,0.3527535860381196
12,0.1905,scramble,0.1009470059813534,0.013742934702715828,0.016253211273181044,0.03794345872663292,0.3862052275517069
13,0.2063,scramble,0.09297202206091494,0.011714548602349795,0.01312104867616632,0.04956966364373142,0.3981272279022317
14,0.2222,scramble,0.09644583273330216,0.012635492742527002,0.020309312903901162,0.027843808772417086,0.40526310447997266
15,0.2381,scramble,0.097553711020821,0.012901474188936276,0.019826916762131573,0.029611227453046056,0.4114307992126164
16,0.254,scramble,0.1133350561916029,0.01753197811039607,0.02389140210776801,0.03210434232429236,0.45908969193648125
17,0.2698,scramble,0.12574623395394774,0.02119400139515225,0.04288379506203111,0.026648180786262486,0.5239266217515435
18,0.2857,scramble,0.11412152148176602,0.017706824318328415,0.038903823425799,0.02445946001771325,0.5112929033048585
19,0.3016,scramble,0.1157050700428222,0.01811887856471428,0.025649456924415184,0.03149241154933512,0.5280314476529979
20,0.3175,scramble,0.11765583075349366,0.019741947171547994,0.02878683106769368,0.02980117575942541,0.5249635822312111
21,0.3333,scramble,0.12010032383576921,0.019726727500159445,0.03540839226319568,0.02719075595446098,0.5334572077079031
22,0.3492,scramble,0.12758697703757663,0.022541041901843698,0.02957104035486154,0.03276258688720481,0.5716528132902325
23,0.3651,scramble,0.13637721286218135,0.02612178758799201,0.04027283107794441,0.0309297873966823,0.6171752325516697
24,0.381,scramble,0.11987797285263098,0.018845689194251322,0.04245175668427375,0.02514326760966915,0.5510547213696709
25,0.3968,scramble,0.11606984202512464,0.01932174861497156,0.035520772519380496,0.02541774725370356,0.5402307012597412
26,0.4127,scramble,0.116291576784089,0.020319413656577946,0.028663448774956857,0.028724193064138252,0.5477660022024938
27,0.4286,scramble,0.12166500100578069,0.02155099715229538,0.02892101040539731,0.030814024622860106,0.5192103817343233
28,0.4444,scramble,0.09950701395099301,0.014167331708714342,0.03886463139514124,0.020328500234694076,0.4595297208132384
29,0.4603,scramble,0.10534715973511119,0.015609466531650436,0.0734479680937981,0.02545483263273085,0.46996855516872327
30,0.4762,scramble,0.09708484888952511,0.012500665414668372,0.05141927988358529,0.02008582390938242,0.47462190528060016
31,0.4921,scramble,0.0897918025408093,0.01125611174127038,0.05633693174724513,0.01944449771205407,0.46412540106128297
32,0.5079,scramble,0.1084523063522455,0.015164769515263027,0.057172713392089104,0.022613278186766513,0.500322788280751
33,0.5238,scramble,0.1103233845448381,0.016574798523226,0.04937572550366168,0.022587601742773397,0.49553357321088326
34,0.5397,scramble,0.1063572790369563,0.015871770990900553,0.0331422402229246,0.023496974618897395,0.4830816445624791
35,0.5556,scramble,0.12139730571525985,0.019756969241944724,0.0257857773829439,0.03425513625728796,0.546607342752223
36,0.5714,scramble,0.12484811700595631,0.02122259701718255,0.03730520948467458,0.027898286801395073,0.5626292736489837
37,0.5873,scramble,0.11390136822031634,0.01841571269104169,0.03811693913614649,0.024590382108628423,0.5212673629822527
38,0.6032,scramble,0.11222635909362115,0.018361650841628666,0.027767248466056157,0.028421151502861113,0.5094530919650716
39,0.619,scramble,0.12199898726882324,0.02369885620302123,0.025877184111184077,0.03443072602060661,0.5330569925803263
40,0.6349,scramble,0.11423096748948726,0.020380700967583768,0.01807076218996109,0.05931653681697391,0.5010641993374219
41,0.6508,scramble,0.11672194792923037,0.019860824055976785,0.02744622287610675,0.029833069028986796,0.5417612725904191
42,0.6667,scramble,0.1349198855007183,0.027464510391895555,0.027370140782196687,0.041655277466735405,0.6424683944602517
43,0.6825,scramble,0.11512543534664724,0.02105619107533679,0.03751617280150907,0.023893366538228936,0.5220339355452933
44,0.6984,scramble,0.12318646453318097,0.023462911248082318,0.034577728719976525,0.027206489059115626,0.5477227918125535
45,0.7143,scramble,0.13311470626390196,0.027951091266531822,0.03216287975422172,0.03323190907998943,0.5917341439939954
46,0.7302,scramble,0.11410959309413081,0.020737573846868394,0.019492937218727427,0.04068252735277914,0.48597422075734886
47,0.746,scramble,0.11582188878911492,0.021657748747506773,0.03219036479216075,0.026236276064682294,0.5009724965794412
48,0.7619,scramble,0.12812972713993828,0.026163002600379993,0.032626969721945384,0.03032084876255568,0.5514932872964176
49,0.7778,scramble,0.11878734519350821,0.02396454947218508,0.028532183159935602,0.027972912721697527,0.5000528685209715
50,0.7937,scramble,0.11499930845775681,0.02344687135021173,0.02947831634790888,0.02659546193569079,0.45458870154449066
51,0.8095,scramble,0.10859819701210259,0.020541062153435753,0.03674854676421892,0.021519427657613607,0.4201780824011021
52,0.8254,scramble,0.09605922271500558,0.01666100535102156,0.03205619321137874,0.01961319023268863,0.3713573305659012
53,0.8413,scramble,0.10769815550357942,0.02115910143025074,0.01981584822714145,0.035843065352004926,0.38664335881572215
54,0.8571,scramble,0.09731270044687612,0.01679828676478343,0.04435196972624423,0.01859351471372562,0.3444244382536607
55,0.873,scramble,0.09770664390049268,0.01789100909798415,0.04162685312843232,0.018053589821081403,0.3342353705076883
56,0.8889,scramble,0.10642375652092335,0.019832212207289295,0.01768060900957616,0.03856380213565769,0.3254460992780918
57,0.9048,scramble,0.09661940965946116,0.016670554861780266,0.01943015657792392,0.027728605383573295,0.2783558611942781
58,0.9206,scramble,0.10648541845073628,0.022627194470533876,0.030367506753477474,0.02221541482273311,0.26527712990968805
59,0.9365,scramble,0.08266662240546559,0.014167162006834499,0.012703261821319934,0.03721276671446298,0.22488998843495864
60,0.9524,scramble,0.09160670165226868,0.01841678826168421,0.013313559384980894,0.05272442365399445,0.17953363750570522
61,0.9683,scramble,0.08501173662465905,0.01567584670356054,0.016380118213657077,0.03219399565128029,0.13004502309624744
62,0.9841,scramble,0.0870811173176058,0.016896163351005355,0.03421945842868222,0.01997359480371063,0.11931702456460337
63,1.0,scramble,0.10531419504266275,0.025501801674251232,0.03875403553775065,0.0216909888146102,0.20894171629118466
